{
  "lang":"ru",
  "name":"pipeline",
  "version":"0.0.0",
  "spacy_version":">=3.7.2,<3.8.0",
  "description":"",
  "author":"",
  "email":"",
  "url":"",
  "license":"",
  "spacy_git_version":"a89eae928",
  "vectors":{
    "width":0,
    "vectors":0,
    "keys":0,
    "name":null,
    "mode":"default"
  },
  "labels":{
    "textcat_multilabel":[
      "normal",
      "insult",
      "threat",
      "obscenity"
    ]
  },
  "pipeline":[
    "textcat_multilabel"
  ],
  "components":[
    "textcat_multilabel"
  ],
  "disabled":[

  ],
  "performance":{
    "cats_score":0.8823591222,
    "cats_score_desc":"macro AUC",
    "cats_micro_p":0.8780344558,
    "cats_micro_r":0.8707047175,
    "cats_micro_f":0.8743542256,
    "cats_macro_p":0.6870262514,
    "cats_macro_r":0.5286951311,
    "cats_macro_f":0.5759725511,
    "cats_macro_auc":0.8823591222,
    "cats_f_per_type":{
      "normal":{
        "p":0.9142593021,
        "r":0.9574056147,
        "f":0.935335146
      },
      "insult":{
        "p":0.6586151369,
        "r":0.5868005739,
        "f":0.6206373293
      },
      "threat":{
        "p":0.8115942029,
        "r":0.4806866953,
        "f":0.6037735849
      },
      "obscenity":{
        "p":0.3636363636,
        "r":0.0898876404,
        "f":0.1441441441
      }
    },
    "textcat_multilabel_loss":0.7945329542
  }
}